1,emir.meskovic@fet.ba,emir1234,Emir,Meskovic,1,0,0
2,amer.hasanovic@fet.ba,amer1234,Amer,Hasanovic,0,1,0
3,edin.pjanic@fet.ba,edin1234,Edin,Pjanic,0,1,0
4,amir.tokic@fet.ba,amir1234,Amir,Tokic,0,1,0
5,emir.skejic@fet.ba,emir1233,Emir,Skejic,0,1,0
6,damir.demirovic@fet.ba,damir1234,Damir,Demirovic,0,1,0
7,zenan.sehic@fet.ba,zenan1234,Zenan,Sehic,0,1,0
8,jakub.osmic@fet.ba,jakub1234,Jakub,Osmic,0,1,0
9,naser.prljaca@fet.ba,naser1234,Naser,Prljaca,0,1,0
10,tatjana.konjic@fet.ba,tatjana1234,Tatjana,Konjic,0,1,0
11,amir.nuhanovic@fet.ba,amir2345,Amir,Nuhanovic,0,1,0
12,majda.tesanovic@fet.ba,majda1234,Majda,Tesanovic,0,1,0
13,nerdina.mehinovic@fet.ba,nerdina1234,Nerdina,Mehinovic,0,1,0
14,dario.osmanovic@fet.ba,dario1234,Dario,Osmanovic,0,0,1
15,selvin.fehric@fet.ba,selvin1234,Selvin,Fehric,0,0,1
16,aljo.mujcic@fet.ba,aljo1234,Aljo,Mujcic,0,1,0
17,nermin.suljanovic@fet.ba,nermin1234,Nermin,Suljanovic,0,1,0
18,samra.mujacic@fet.ba,samra1234,Samra,Mujacic,0,1,0
19,amira.serifovic@fet.ba,amira1234,Amira,Serifovic-Trbalic,0,1,0
20,suad.kasapovic@fet.ba,suad1234,Suad,Kasapovic,0,1,0
21,asmir.gogic@fet.ba,asmir1234,Asmir,Gogic,0,1,0
22,lejla.mehmedovic@fet.ba,lejla1234,Lejla,Mehmedovic-Banjanovic,0,1,0
23,suad.halilcevic@fet.ba,suad1235,Suad,Halilcevic,0,0,1
24,mirza.kusljugic@fet.ba,mirza1234,Mirza,Kusljugic,0,1,0
25,mensur.kasumovic@fet.ba,mensur1234,Mensur,Kasumovic,0,1,0
26,nedzmija.demirovic@fet.ba,nedzmija1234,Nedzmija,Demirovic,0,1,0
27,mario.pejdanovic@fet.ba,mario1234,Mario,Pejdanovic,0,1,0
28,amila.dubravic@fet.ba,amila1234,Amila,Dubravic,0,0,1
29,enes.duvnjakovic@fet.ba,enes1234,Enes,Duvnjakovic,0,1,0
30,mirela.garic@fet.ba,mirela1234,Mirela,Garic-Demirovic,0,1,0
31,izet.gazdic@fet.ba,izet1234,Izet,Gazdic,0,1,0
32,nermin.sarajlic@fet.ba,nermin1234,Nermin,Sarajlic,0,1,0
33,elvis.barakovic@fet.ba,elvis1234,Elvis,Barakovic,0,1,0
34,senada.avdic@fet.ba,senada1234,Senada,Avdic,0,1,0
35,emir.nukic@fet.ba,emir1234,Emir,Nukic,0,0,1
36,nermin.hrustic@fet.ba,nermin1234,Nermin,Hrustic,0,0,1
37,lejla.selimovic@fet.ba,lejla1234,Lejla,Selimovic-Piric,0,0,1
38,amera.sinanovic@fet.ba,amera1234,Amera,Sinanovic,0,0,1
39,jasenko.ahmedic@fet.ba,jasenkoio1234,Jasenko,Ahmedic,0,0,1
40,emina.bajrektarevic@fet.ba,emina1234,Emina,Bajrektarevic,0,0,1
41,amila.brcaninovic@fet.ba,amila1234,Amila,Brcaninovic,0,0,1
42,zermina.delic@fet.ba,zermina1234,Zermina,Delic,0,0,1
43,azra.mesic@fet.ba,azra1234,Azra,Mesic,0,0,1
44,admir.jahic@fet.ba,admir1234,Admir,Jahic,0,0,1
