1,"Razvoj softvera",1111,1,2
2,"Simulacija sistema",1112,4,2
3,"Racunarske mreze",1113,2,2
4,"Racunarska grafika",1114,5,2
5,"Principi biomedicinskog inzenjeringa",1115,6,2
6,"Modeliranje sistema",1116,4,1
7,"Operativni sistemi",1117,2,1
8,"Baze podataka",1118,1,1
9,"Klinicki inzenjering",1119,19,1
10,"Obrada i analiza medicinskih slika ",1110,19,1
11,"Obrada digitalnih signala",2220,17,1
12,"Teorija informacija i kodovanje",2221,16,1
13,"Osnovi telekomunikacija",2222,17,1
14,"Opticke telekomunikacije",2223,16,2
15,"Digitalne telekomunikacije",2224,17,2
16,"Telekomunikacione mreze",2225,20,2
17,"Radijski telekomunikacijski sistemi",2226,20,2
18,"Modeliranje i simulacija",3330,4,1
19,Instrumentacija,3331,8,1
20,"Stohasticki sistemi i estimacije",3332,22,1
21,"Linearni sistemi automatskog upravljanja I",3333,9,1
22,"Projektovanje mikroprocesorskih sistema",3334,9,2
23,Aktuatori,3335,8,2
24,"Linearni sistemi automatskog upravljanja II",3336,9,2
25,"Nelinearni sistemi upravljanja ",3337,8,2
26,Elektrane,4440,23,1
27,"Analiza elektro-energetskog sistema",4441,24,1
28,"Elektromotorni pogoni",4442,25,1
29,"Upravljanje elektro-energetskog sistema",4443,24,1
30,"Planiranje elektro-energetskog sistema",4444,26,2
31,"Numericki postupci u projektovanju",4445,11,2
32,"Dinamika elektro-energetskog sistema",4446,24,2
33,"Trziste elektricne energije",4447,23,2
34,"Upravljanje elektromotornih pogona",5550,25,2
35,"Energetika i okolina",5551,13,2
36,"Sistemi konverzije energije",5552,12,2
37,"Ekonomika i organizacija poslovanja",5553,12,2
38,"Prepoznavanje uzoraka",5554,6,2
39,"Zastitni i upravljacki sistemi",5555,27,1
40,Mehatronika,5556,27,1
41,"Elektromotorni pogoni",5557,25,1
42,"Proizvodnja energije",5558,25,1
43,"Optimalno upravljanje",2000,28,1
44,"Distribuirani sistemi automatizacije",2001,9,1
45,"Dig. sistemi upravljanja i obrade signala I ",2002,7,1
46,"Projektovanje sistema na cipu",2003,22,1
47,"Upravljanje mehatronickim sistemima",2004,28,2
48,"Inteligentni sistemi",2005,22,2
49,"Robotika i masinska vizija",2006,9,2
50,"Dig. sistemi upravljanja i obrade signala II ",2007,7,2
51,"Strukture podataka",2008,3,2
52,"Mjerenja u automatici i robotici",2009,7,2
53,"Analogna integrisana elektronika",3000,16,2
54,"Projektovanje logickih sistema",3001,22,2
55,"Linearni dinamicki sistemi i signali",3002,7,2
56,"Primjenja inzenjerskih i softverskih paketa",1000,5,2
57,"Uvod u racunarske algoritme",1001,3,2
58,"Arhitektura racunara",1002,2,2
59,"Teorija elektricnih kola",3003,24,1
60,"Osnovi elektronike",3004,16,1
61,"Matematika III",3005,29,1
62,"Objektno-orijentirano programiranje",1003,2,1
63,"Matricne metode u elektrotehnici",1004,4,1
64,"Signali i sistemi ",1005,17,1
65,"Osnovi elektrotehnike I",1006,13,1
66,"Matematika I",1007,30,1
67,"Fizika I",1008,31,1
68,"Osnovi racunarstva",1009,32,1
69,"Uvod u energetske sisteme",1010,26,1
70,"Osnovi elektrotehnike II",1011,13,2
71,"Matematika II",1012,33,2
72,"Fizika II",1013,34,2
73,"Tehnologije za podrsku tehnickom pisanju",1014,18,2
74,"Osnovi programiranja",1015,32,2
75,"Telekomunikacijski protokoli",1016,18,1
